first_name,last_name,email,zodiac,grade,class_id,years_exp
Mary,Bianchi,8865b9e9d01c00f91f229d2ef7cbd8b0@example.com,Capricorn,85,6,1
Helen,Mäkelä,13b1ff6adbea1bd413c4ff43793dd87d@example.com,Capricorn,74,1,1
Charles,Johnson,b71f48e6622a177e74e0f82a2b735626@example.com,Gemini,71,4,1
Sofia,Saarinen,1a2fde39b637f4a9bf965ebcc0472316@example.com,Libra,77,16,1
Anna,Thompson,1ee02f37a17dc985d7d26d9b0cf8d15b@example.com,Cancer,87,6,1
Tingting,Girard,878667c18c7fe050c653598aad294a89@example.com,Capricorn,93,17,2
Edna,Quinn,455de180f90b00ae8552e4c9a29302a4@example.com,Pisces,88,16,2
Albert,Díaz,4d92ccfdf6706f24a0e0a6103fcfaeb8@example.com,Libra,80,6,3
John,Andersson,722619320d313a217c524f845518fe7d@example.com,Pisces,80,16,3
Joseph,Popa,f6770052f86a4804f6c3b68603c52875@example.com,Libra,83,7,8
James,Chang,f118786951bc4ab6bc884309463c2348@example.com,Leo,82,13,3
Harold,Bengtsson,f7f3c0d96ec84dddde9ce573fd55a305@example.com,Capricorn,78,9,2
Jing,Takeuchi,443cdd50affd67e633135e4f3397c5a0@example.com,Taurus,81,10,10
Kai,Bengtsson,01d0a0a09e8839d9c64d01403b6fdfde@example.com,Cancer,91,13,3
Vivaan,Krier,d6cf04f392694a20ef65ec544128e0cd@example.com,Leo,87,8,7
Brahim,Crivelli,96b25d98f76ce96704284da2105287de@example.com,Cancer,84,15,5
Ying,White,f09ac14061e91820343c5eaf6e99b80e@example.com,Virgo,90,5,8
Xinyi,Thompson,182d89618d40b93e230030662cbeb536@example.com,Aries,71,3,1
George,Tsiklauri,08188f6ab03355213919759ea5658b74@example.com,Virgo,100,12,2
Walter,Joensen,d6d5c2124f0eacda4d6ffdb5bae63939@example.com,Sagittarius,76,19,1
Lili,Nguyen,ba8f838679cd7c13939b93a771cb0d73@example.com,Capricorn,69,19,4
Aria,Yıldız,b55b0c9a443f7b55d6398725e53f5efd@example.com,Taurus,97,5,1
Reyansh,Evans,57fa10557ec0af2328dffc40988474e1@example.com,Gemini,80,16,7
Oumou,Cebotari,0cfd75792bca27dd73501b64c26fc997@example.com,Pisces,69,8,1
Brahim,Cebotari,7f4ff25505d17fb17e48cfa4c1c88f3a@example.com,Capricorn,90,10,4
Reyansh,Tsiklauri,5cad9969940ce438aa5fd56c24a4714b@example.com,Libra,81,8,1
Djamel,Nyman,3d9c90ac3a8f8639aae8d25affa605c3@example.com,Leo,89,17,1
Abdelkader,Dijkstra,512f2ee41fc630febfa788fae53805f5@example.com,Gemini,100,2,10
Paul,Visser,08b8b0b3dcef0a228a3d8c094fbcf6eb@example.com,Pisces,85,6,4
Paul,Krasniqi,88d9646641fbf54433ef53c8a9a885bd@example.com,Leo,91,13,9
Mary,Durand,a9e0b448227be7fff1b95c7162d44359@example.com,Capricorn,89,4,2
Li,Kapanadze,28cfd8ba4ed74c7c445156f248fc769d@example.com,Pisces,83,7,1
Elizabeth,Petrauskas,604a91f8c88c7e86e23e9b31e1af389a@example.com,Scorpio,95,20,3
Bintou,Cebotari,2a21a1880375f86513b14be2575b6ba3@example.com,Libra,92,16,3
Siyabonga,Kapanadze,7ed8dc5736d68e1723728af433e44ebe@example.com,Libra,83,11,1
Yan,Wilson,7b3a8836751e8c351db183f89693b875@example.com,Libra,82,9,8
Bintou,Roberts,1e6180a33bb0b2cb1a7aa1fa47cc0d89@example.com,Pisces,71,18,1
Mary,Bengtsson,9e64204046a408cd71dacd4866935b2f@example.com,Aries,89,11,4
Jing,Delgado,1903e96682db8fc1d9c1cbe4f5fab5dc@example.com,Libra,95,8,5
Prince,Durand,3d0075d2d950571904194396e9553353@example.com,Scorpio,100,14,4
Ari,Kvaran,ed38a985e57d60c0a4373cb73a1df6d4@example.com,Taurus,85,7,2
Joseph,Cebotari,f342c5afb1b4f7d37969f588620c646d@example.com,Sagittarius,79,6,7
Helen,Jankowski,373fc8afbeba5c3b8ee608bf50389f7e@example.com,Sagittarius,82,18,10
Amaia,White,b792daf8b4826da601e402fe546402a3@example.com,Sagittarius,100,5,1
Advik,Tsiklauri,f8dc43aec213fbb7383310ea8b148a4b@example.com,Leo,70,11,5
Xiaomei,Nyman,211c6a65a6cdb09520d8dcf61c229325@example.com,Capricorn,74,11,10
Anna,OBrien,c5b840e81343f04048535609e778fcf7@example.com,Taurus,69,19,5
Fanta,Krasniqi,d87562160c36887243a08c834c2e9f49@example.com,Taurus,90,20,2
Florence,Krajnc,96132c273a9e415a160cfca2425caf5c@example.com,Pisces,91,14,1
Samkelo,Balodis,1c19210cacfc9bb7b09a9812d9bffb08@example.com,Sagittarius,68,6,5
Manaia,Kvaran,02348e47373566881b0975f94fa940b7@example.com,Scorpio,81,5,2
Margaret,Joensen,8331bb7d28c4f910f5f8af6abfd5563c@example.com,Leo,92,3,1
Evelina,Popa,366c92b45cf93718a599e0e81a272e65@example.com,Virgo,88,15,5
Kora,Cebotari,700d3c0b64223f144ffc35167efd0c73@example.com,Sagittarius,86,9,7
Ayaan,Jankowski,355307dee6d226041505106f817a3078@example.com,Cancer,91,16,6
Vivaan,Cebotari,92ea07470cfb27d781643ca34d336bce@example.com,Aries,91,17,1
Emma,Dijkstra,686386c3408ad181a81fe86a71c7ee04@example.com,Scorpio,91,4,5
Jie,Kvaran,6eaabe27708445f3658c36f2aaae55cd@example.com,Sagittarius,82,19,9
Ari,Chang,d9b08dd1db11a0e96bba510775e25755@example.com,Sagittarius,73,18,2
Jing,Ozols,e12cc814264fcbc0a613f119db957ef1@example.com,Libra,72,7,1
Ari,Delgado,4a79ef919f0f505cb7b08ae3d5e7a5d6@example.com,Aquarius,94,16,7
Andreea,Yoon,ce3c9963f939b6c899f14c15625e03bd@example.com,Scorpio,90,3,9
George,Jankowski,129b4d3f5fbe4a905d932ecb6aea5652@example.com,Virgo,91,18,5
Advik,Walker,1790aaa76de57ac0fd1154d8987be3a6@example.com,Virgo,74,8,2
Ruth,Krier,4d813022fb16cdfb0fa7d85545459d25@example.com,Aquarius,84,3,2
Charles,Gomes,44cc6921e38e88635597805ca9ac39a5@example.com,Pisces,85,7,4
Fred,Bianchi,e41006369bb047a7d59272f483bdf990@example.com,Virgo,91,10,6
Ariana,Delgado,afdc4bf3458bca1c0865de616d8efa65@example.com,Virgo,91,17,10
Maia,Bengtsson,45fe43d4f83a3e4fec4c73f7e6fe500d@example.com,Scorpio,100,5,2
Prince,Moreau,37ac855402e8159593f3fbf91b45ef88@example.com,Aries,80,14,2
Joseph,Jayawardena,fa6e88261262a77dab2a46e9377e0abf@example.com,Aquarius,71,10,1
Ying,Roberts,0319955de927ef486a86378e9fb9fdbf@example.com,Cancer,77,2,2
Ying,Krajnc,41b3657b0c6cd2312b82e39ca4509a0c@example.com,Gemini,87,18,4
Advik,Quinn,70c7d96e25098263e6ffb8acf16618c3@example.com,Aries,78,3,2
Manaaki,Grigoryan,3559b7723f278a0bfdd8450f2a2ffbd7@example.com,Aries,90,1,2
James,Grigoryan,11139663e5d2b1aa7ba5b40fc0e9b14d@example.com,Cancer,85,19,4
Clarence,Durand,198947ff0e4ba41e8474173faffe60d0@example.com,Aries,88,11,3
Djeneba,Durand,97f9463a00f28b9f830960b98c0e5b85@example.com,Virgo,86,10,7
William,Fournie,dd57ef2bc10ada575abd69913653bd50@example.com,Taurus,99,9,5
Willie,Girard,fe664c402d099b50a4d043c9aec3128d@example.com,Capricorn,65,19,2
Mildred,Chang,6ae17cc6a45b686ef4706c9f3c724d73@example.com,Libra,94,17,8
Mikaere,Visser,ad145ab5d36c2796a87fc51b595cccec@example.com,Gemini,75,18,9
Yan,Kennedy,d7f28e0ad217834fd81d2966f13da3c9@example.com,Scorpio,100,12,7
Tingting,Zoeng,bc7a3e3d11f401d9e0b0261bdd122964@example.com,Pisces,80,2,7
Margaret,Crivelli,7c8ad490d5af77cdd3fa4996f80146a1@example.com,Leo,98,16,7
Anna,Balodis,46c609b306e3f37b73a797f4887f9306@example.com,Cancer,84,7,4
Hawa,Joensen,6951804808dc9adf28bfcfd4ad109836@example.com,Leo,92,5,9
Clara,Saarinen,94746e283281002257328e822d9a320c@example.com,Libra,81,1,6
Nina,Hall,d3ced66f8c1894322dbb32beac3f7749@example.com,Leo,89,16,8
Thomas,Gomes,18fdb389aafa764cef2113d0047f3bfa@example.com,Scorpio,80,8,3
Margaret,Schulz,ea043caf0ecd371aeb76933790eb84f1@example.com,Virgo,84,1,5
Harold,Schulz,9c0cc40b4baa00092e9298e7685fe4cc@example.com,Virgo,86,2,6
Atharv,Walker,78694288366987aee1c0046a865219ad@example.com,Virgo,100,9,10
Djamel,Bianchi,736d46982fe3e069ee837d4dbeb026bf@example.com,Leo,100,15,1
Ahmed,Vincent,c7f25282fb65719d812345d69020002b@example.com,Aries,92,17,1
Thomas,Kapanadze,4d36bbf5f4b28d2e996896f7ed9ce83b@example.com,Sagittarius,94,12,9
Vihaan,Saarinen,b432c09b74b42bccbd7c6db72e4a050e@example.com,Pisces,88,14,3
Edward,Zoeng,678c745e35670ead6a2336f34b066a6d@example.com,Capricorn,86,10,5
Victoria,Bengtsson,9f33998f383199dcd5c29c54f67bffba@example.com,Leo,73,14,2
Reyansh,Durand,c0283f22fdf19ac2efc5648a3a6f0387@example.com,Gemini,75,6,3
Florence,Peretz,bd9d1d3b5d2dd6b5e13f4f71249f722e@example.com,Scorpio,86,2,10
Kai,Petrauskas,96055aa82885a6ffb745c6dffb73b349@example.com,Gemini,86,19,1
Kadiatou,Mäkelä,4e3de2fe96ea44db0a2e4ebe643f029e@example.com,Capricorn,93,17,8
Tingting,Schulz,798abe8592af6ad4784347b8512fa1a0@example.com,Cancer,89,2,1
Harry,Kapanadze,8fb86cdada0c7aa0ee8fe7cebdcc8d3d@example.com,Taurus,88,20,5
Albert,Choi,5ea8883224a642be87d0e571869aada1@example.com,Libra,100,13,3
Mary,Joensen,834b13bdd9e2fc0b44eef4a39d203d3c@example.com,Capricorn,93,12,2
Mikaere,Saarinen,40d9de8c0b8617309c1d844b4ba187c3@example.com,Virgo,91,10,4
Ihaia,Vincent,4c2ba2bd1198d60e6b955a182960e9d5@example.com,Virgo,86,16,2
Sai,Cebotari,82ecd46468f8ff70127e2ecbdccc8f8a@example.com,Aries,89,11,1
Lili,Visser,138ba31451c0c12727abb8664f72f363@example.com,Virgo,88,1,1
Mary,Zoeng,45c83a01f602b8366529f430f069bf5e@example.com,Virgo,100,16,6
Ying,Jayawardena,f09085f5909b74f318ab75d311255575@example.com,Pisces,91,4,9
Fanta,Jayawardena,33d30d3a5911284503dc431e7f282c84@example.com,Sagittarius,70,6,1
Mikaere,Durand,1ad1940219b8c004c85cf14461f953a6@example.com,Capricorn,95,8,6
Lethabo,Kryeziu,c2562e3c9ffbd910f0544b1bd9c63cb6@example.com,Sagittarius,88,11,2
Ayaan,Kvaran,9cfa138693b3a605195aeb0e49ee85bb@example.com,Aries,79,7,2
Annie,OBrien,29a44adcf9fa43ac2af9307d93b0480e@example.com,Aquarius,92,5,1
Ayaan,Bianchi,ab82562a58346a991fb5d075f02d1b76@example.com,Gemini,74,7,6
Xiaomei,Tsiklauri,d9146d7437b377d84e231747d6cd78d3@example.com,Aries,82,4,2
Lillian,Girard,b0c8d15c3152c6fef907c4d6c659981e@example.com,Taurus,87,4,2
Mariam,Díaz,68d681a208f97cf5d687425006117d9d@example.com,Pisces,74,20,2
Bertha,Hall,ea9e214d96393723411d337b7a3fa5d5@example.com,Virgo,82,6,5
Li,Andersson,800522e1c285ca57ad4ffdb587fcab3b@example.com,Capricorn,84,16,4
Kadiatou,Grigoryan,aff8b736be7deb74219b7a0d58202a21@example.com,Scorpio,92,10,7
Marie,Saarinen,e616ae6d78a05a50ce29c8bc12ae0269@example.com,Sagittarius,91,14,5
Awa,Díaz,58d47a2de8d507cf033318985ef60e4c@example.com,Cancer,97,5,3
Li,Crivelli,2e5297599afad705217a7c9e62262faf@example.com,Aries,70,7,5
Lili,Visser,00bc52e14bf65bc2702858f65a1afbc1@example.com,Taurus,86,2,5
Edna,Andersson,7d67ae4e02aacff71e6028a6a64cc93c@example.com,Libra,82,6,6
Ethel,Fournie,229abee0f6a6c63f16175e0a5936a1c1@example.com,Taurus,80,16,9
Oumou,Tsiklauri,82fb2a4aa8752d14486dd87a75976db0@example.com,Pisces,89,5,1
Reyansh,Nyman,09514e8269f188e815dfea3fdf27e3f9@example.com,Aries,87,4,2
Florence,Kennedy,f0497a31950dc39f50c58a593615a581@example.com,Virgo,91,18,6
Hawa,Ozols,1feedf09fd9dea1953abbd060eeab0fd@example.com,Aquarius,93,3,7
Kauri,Choi,2bf82b2cf4246717652946c78cb60428@example.com,Aries,83,18,5
Mary,White,ee6b00d5c617fd34b07e3a644c048eb9@example.com,Pisces,100,12,3
Alexandra,OBrien,360f2b442b5e478cf1c493eab2280ca3@example.com,Sagittarius,91,16,4
Awa,Krasniqi,53acdc7acb1b12966aabc16db9b43b22@example.com,Sagittarius,100,5,8
Nina,Hall,24e24a6d9e5d8c9cfa4f79ecdda99ece@example.com,Leo,91,17,1
Bertha,Takeuchi,d1f85f6f76db799670bbb4a1cb51a938@example.com,Scorpio,100,14,2
Ariana,Jayawardena,898db3dde9e7f53a57ebf73b7d6c58b6@example.com,Libra,72,8,10
Emma,Moreau,6a883f8229be0c05568db3875a0dec1f@example.com,Aquarius,75,4,1
Paul,Fonseka,e157a66cbc1a700b18bc96bad3d7fe3c@example.com,Virgo,92,1,1
Brahim,Girard,0ff67b378dc2b4559a201aa692a28a3b@example.com,Aquarius,89,20,4
Ruth,Fonseka,24c824c677be2a8c403711443d827dd5@example.com,Taurus,92,4,2
Ihaia,Hall,26bcaba3d2f3c20e03339f15083302a9@example.com,Aquarius,79,7,5
Alice,Joensen,bf973e40f264ddb1a07db2ebb546e1c7@example.com,Capricorn,91,10,7
Andreea,Takeuchi,a60382dc1bc4fbb04dcbbdae282e8801@example.com,Capricorn,91,11,2
Anastasia,Nguyen,9bff7b519dce55ce85639f66f7dc5161@example.com,Pisces,91,1,5
Andreea,Dijkstra,fe0b0a0facf1adcd68f7c39ebf3dd798@example.com,Capricorn,79,9,4
Jing,Jayawardena,d2a2d6326d252d43fa9be83dc1475717@example.com,Cancer,83,8,9
Aminata,Wilson,9665a4b75aab8ab1fa52b25dee36fc84@example.com,Leo,90,1,6
Fred,Schulz,4608853fbc3d4ddd35bdbfa008e8e3e2@example.com,Capricorn,74,9,2
Maia,Ozols,4227a046245f152815ddcaa55eb17916@example.com,Capricorn,71,1,2
George,Dijkstra,f803251f8391e2096509a9e3d2eb557d@example.com,Cancer,85,15,7
Manaia,Balodis,fbe7c0d6d5c6b52c706b2c2870f0cfa3@example.com,Libra,88,14,4
Alice,Krier,9ad1a858615cd2b00199f4b297aeee03@example.com,Scorpio,91,14,6
Clara,Wilson,c6fa9b0cd8a4cd980283b90e81b5e576@example.com,Leo,100,16,3
Xiaoyan,OBrien,79660064c333f686db2485e1ed2b1425@example.com,Leo,94,10,1
Jie,Bianchi,037f3f946630366cbbafb00571267276@example.com,Libra,91,20,2
Harold,Fournie,3efb388c3e5b45a80c8b1a005c51c3b3@example.com,Virgo,94,11,10
Reyansh,Zoeng,3394049accc46666cb0356cd0db250d3@example.com,Taurus,74,17,3
Mateo,Zoeng,cdfb1939980835414352324d26a1a618@example.com,Scorpio,72,6,5
Elizabeth,Peretz,bb08841b86edeef53ef6edfcf70cd22f@example.com,Taurus,71,17,3
Amaia,Quinn,edafd39cdc27a6c8e9fbcbe78b98be6c@example.com,Cancer,83,12,1
Bintou,Petrauskas,a320119b42106a1e3f1f2b7b9b6a3ed6@example.com,Taurus,100,20,2
Grace,Joensen,e1db84819fa57f89a879a94e3c2f7630@example.com,Virgo,70,7,1
Arthur,Nguyen,f9d4b9039c3cd7a60ae6c3e7cfc5d2ee@example.com,Scorpio,100,18,1
Bandile,Saarinen,51080862fd14cad9ca03fa5cd69297e9@example.com,Sagittarius,89,13,2
Sai,Choi,28c6a9422c723242877cdcd9987ccc39@example.com,Pisces,93,16,6
Willie,Jayawardena,dbc0fe5c7207e730410a26a2c6062a74@example.com,Pisces,92,14,2
Clarence,Vincent,be6049850660b1deae619ea37dc80fc6@example.com,Virgo,100,20,9
Ari,Kryeziu,614afbabdc94c75a767f1f58f88dd0f9@example.com,Scorpio,75,13,1
Thomas,Popa,ec249451ecd23e6d476c4f736c0a12bc@example.com,Virgo,89,7,8
Anahera,Mariani,822b8c73a48f8662d3c98efe7511f09e@example.com,Virgo,77,13,2
Manaia,Crivelli,7a0929cb13686766f5123bcfb5f85fd2@example.com,Pisces,93,8,5
Te Ariki,Nyman,c0e28c013201bd1ae76504babd40bcd0@example.com,Gemini,76,6,4
Djamel,Delgado,27cf5557f76274ee022a53e93b6aad6c@example.com,Gemini,96,8,5
George,Krier,d3e4962008fadce5f56e117b544e8ac8@example.com,Pisces,63,19,3
Ahmed,Evans,72dce7842d48bb94bdc0da879afd9840@example.com,Scorpio,88,15,5
Bertha,Grigoryan,65330201209a9fe7164b8c7dc235be9e@example.com,Libra,78,13,9
Aria,Nguyen,28b2a705b45411842029e177b14bcfbd@example.com,Gemini,89,3,1
Edward,Saarinen,9377aad5fb246eb7179a85fdc9019c81@example.com,Scorpio,88,10,3
Edna,Nyman,3b0c043be4dcb8e75c0cc244928d6795@example.com,Aries,100,2,9
Harry,Fonseka,1fadf2a918843b088a5cbe975510ee5a@example.com,Taurus,94,18,8
Ari,Delgado,64bb27504e701298e2d37c065fe53857@example.com,Aries,99,12,8
Florence,Nyman,e12911ec1133d8102ad1b37e6f9ee805@example.com,Aries,98,16,5
Mary,Yoon,fcf8f58d5cadd5cc93cce10cdf940fb8@example.com,Pisces,97,12,7
Lillian,Roberts,a9c28daed5c4e822806f3c29d536c071@example.com,Scorpio,76,7,1
Florence,Quinn,190acc5900aa9534c5ca08040ff2efa7@example.com,Aquarius,71,20,3
Nina,Fonseka,5c27a07d1cf16bdff1b9d5943a4871ad@example.com,Capricorn,75,17,6
Anastasia,Chang,f4ee34687d96c58351dbd19f9d7d97c7@example.com,Libra,65,7,4
Kaia,OBrien,cff49a1474c96fadd951eefa57ce691c@example.com,Aries,90,11,8
Thomas,Quinn,78c7975996960e1e4f34b4a86ec8ff22@example.com,Virgo,82,8,1
Manaaki,Nyman,38b7556ac646ca60720ec324f4f12868@example.com,Sagittarius,81,11,10
Marie,Krasniqi,68bd852d32407dc6bd5ff2662860de34@example.com,Cancer,75,18,2
Advik,Popa,aef1c574b5eff44fdd4e3dddbd7a04a0@example.com,Aries,83,15,1
Xiaoyan,Petrov,d92e0ca59db4050e017b2edfd0260599@example.com,Taurus,90,15,1
Kadiatou,Grigoryan,2b04df5aa6d853ab7dc84732fca49138@example.com,Aquarius,91,3,2
Annie,Johnson,3062580a879a0647c183058b0ae37cdf@example.com,Scorpio,78,13,3
Brahim,Walker,918788570ac8e907a63611f86f169099@example.com,Libra,84,1,8
Manaia,Nyman,c90d8e4eee46665150c295f600dece78@example.com,Scorpio,73,19,10
Xiaoyan,Cebotari,5b351156d3253a8f42a8beeee8d9e117@example.com,Libra,88,14,3
Aminata,Kennedy,9914d9d81ca04c806c251805993d24e9@example.com,Taurus,91,13,4
Xiaoyan,Dijkstra,2e5f3cc348df3ae6f2bb5f0df5f7ea0a@example.com,Leo,83,6,7
Ihaia,Petrov,a38a077849fcce39670c8090e77dd591@example.com,Leo,91,10,6
Frank,Joensen,2b8644afecdeb2ea846730b8ce628af4@example.com,Cancer,84,18,5
Te Ariki,Kryeziu,70407e5189d1ec0dd758e661e3e44eb3@example.com,Taurus,89,14,2
Omar,Choi,3ecb6ece698e8d7729002c38dc9e511f@example.com,Cancer,86,17,9
Xinyi,Krajnc,28e5046b5a27082df41c3c86328c5196@example.com,Gemini,80,2,5
Florence,Ozols,b1cb04e0660b5513fbf5429d163bde5a@example.com,Cancer,96,16,1
Arthur,Mäkelä,6f46ce082a0d81ad46b8517f874a3a22@example.com,Capricorn,80,18,9
Fred,Jankowski,4d429dff9ddca19371093f05e6daaea0@example.com,Scorpio,82,15,1
Oumou,Singh,83c63b88f996ff37d7c6420548bd9def@example.com,Gemini,78,20,9
Harold,Dijkstra,9f2677e1425ecb92c79a453fb1369567@example.com,Cancer,92,10,6
Elizabeth,Moreau,ca0f392883e3cfa1174d1ccadd0b171a@example.com,Virgo,97,12,5
Willie,Mariani,69eb26ca37757ff4659af0999a897428@example.com,Pisces,88,19,4
Li,Johnson,e0e5c7b45646e603f353f9bc74ab6b61@example.com,Virgo,84,18,1
William,Peretz,dbe5db381fd93b78a7da8dac3f578d20@example.com,Aquarius,93,15,10
Grace,Morel,6141631791b7a3b7126bc2e7115bfea8@example.com,Virgo,67,8,7
Ariana,Mäkelä,fcfaee605152e7566d1c5b092a7ef90f@example.com,Pisces,82,9,6
Manaia,Balodis,7353fe6791488745acbcc01f4ee6c7c0@example.com,Scorpio,79,7,5
Maia,Grigoryan,07d17d6bd232bbcf47f986da2ba96305@example.com,Cancer,75,20,7
Bintou,Tsiklauri,866b8a32efdb8150de856772e07b4c69@example.com,Scorpio,98,16,1
Daria,Girard,a807791f24172668f28eb65736c6b423@example.com,Libra,72,6,2
Bertha,OBrien,7fdaffecf4717f60193bee6efb325774@example.com,Gemini,100,11,1
Prince,Roberts,0d57954634aa3bd426ff6bedab1917b2@example.com,Pisces,71,17,3
Bandile,Bianchi,f9ab90022dca0c544597f08304c01bb9@example.com,Cancer,74,19,1
Albert,Petrov,957a57cc50cf6d803872be9d1753c435@example.com,Scorpio,89,13,1
Kadiatou,Crivelli,75cf6abbf34e61199c9aa392954f29de@example.com,Gemini,100,15,3
Siyabonga,Moreau,9887a145376c42e7d863bf40623c97d4@example.com,Aquarius,78,3,5
Abdelkader,Girard,edaffad44a534a0874a0cbaf8346cad5@example.com,Virgo,73,4,4
Arthur,Petrov,e3e10ccb02c358e4574f51c866945564@example.com,Capricorn,86,3,6
Fred,Cebotari,3e575d88e6ae7f76ba9b184d0df5ff9d@example.com,Cancer,94,13,10
Manaaki,Hall,b7b2f0ee0dedd25114abd687e5285e31@example.com,Cancer,95,16,2
Harold,Delgado,12b87d01a8e245326853a39202636b03@example.com,Pisces,75,1,1
Alexandra,Grigoryan,2f98a884945a2ded868486144fcb410e@example.com,Libra,80,18,1
Sofia,Takeuchi,6c1bae9b3c87937642b81620adb0628f@example.com,Aries,78,13,2
Atharv,Gomes,2dcdbb51ed65bbc64e130c324037cfd6@example.com,Taurus,76,14,5
Samkelo,Visser,ff7ef716562860ae4f6f247e543dbbf0@example.com,Leo,83,18,5
Fred,Jankowski,6ae7094567f9cd3ccaf61cbbf9774965@example.com,Libra,85,12,4
Yan,Krier,48599b6c0e9622480c6da08664c8a383@example.com,Cancer,66,19,6
Lethabo,Crivelli,dc69ed337aeafd4cf5c64ea9b4c30d0e@example.com,Aquarius,90,10,8
Jie,Jankowski,63a841680a2f4d5a8c03fd11ceb93285@example.com,Cancer,100,12,5
Evelina,Walker,5a71954b89ad7473a415259ece8732b6@example.com,Sagittarius,83,13,3
Djeneba,Visser,a2b109d7290a2105112bdd92bd492f9d@example.com,Gemini,80,10,9
Atharv,Delgado,f54a0d89237703e8c3cc2867ac1c0981@example.com,Virgo,87,11,10
George,Choi,ddfe75d831d2e8bea372c046b81a5dd8@example.com,Aries,81,13,9
Arthur,Singh,a2772aa79ecdb877b6f38b065447ae65@example.com,Aries,95,19,2
Jie,Fonseka,983516b9bd9b67cea3744b6bce811137@example.com,Aries,88,2,5
William,Thompson,1d4291143bff4bba95e1d186349559b0@example.com,Aries,78,4,6
Kauri,Morel,16189ae3a641dca19881a078903298b1@example.com,Aquarius,92,3,6
Fanta,Hall,a1c1a630237acc3b5694b30dc99c1aef@example.com,Cancer,84,15,3
Daria,Schulz,b070f2aeaa259d023bdca8fcbd98a812@example.com,Aquarius,71,15,2
Edna,Saarinen,e50a1947c31c077edacaa913ef5158ec@example.com,Aquarius,90,10,2
James,Petrauskas,eedb0964f20813485ab5ae127828c877@example.com,Sagittarius,70,19,5
Amelia,Jayawardena,d4954e54382642a457927a671b0d25b9@example.com,Capricorn,78,20,2
Ari,Bianchi,529a9ec6093babaf74a973f0a5186546@example.com,Virgo,100,12,1
Harry,Ozols,c30017c24ac142a1ccd6eeb6f5b19376@example.com,Scorpio,97,20,1
Prince,Wilson,26dd8c91bb81f97c7f4e3b4edb88e59e@example.com,Libra,74,11,4
Willie,Kvaran,946030628cef091c4b2276da3b78fe72@example.com,Virgo,73,19,5
Margaret,Krasniqi,14b0ba48d08663ea3230540266139b68@example.com,Pisces,90,11,9
Arthur,Grigoryan,8f59c0faf586df8062cf37aa8c4a464f@example.com,Libra,77,19,5
Xiaomei,Nguyen,1a5727bcfceff06a3fb70f7ac3250323@example.com,Taurus,96,16,8
Banele,Grigoryan,6672413a315a906113a63659128d0654@example.com,Cancer,96,19,5
Manaaki,Takeuchi,2e25ebeb9f63348f8ae4687651489afa@example.com,Capricorn,78,14,6
Anna,Fonseka,554beea1664334649d3642676f5ed8fc@example.com,Pisces,85,16,7
Rose,Joensen,42262dfffb8ad4aaefcdfb0049530815@example.com,Aries,80,20,6
Abdelkader,Vincent,44ff4e432e026075759774149c4284dd@example.com,Gemini,93,10,4
James,OBrien,c3cdda5947246ef00fc05caf5a6cc40f@example.com,Cancer,77,13,2
Ari,Singh,ed4e094a832758fe5d1915f9b4caa9a0@example.com,Leo,82,15,3
Kora,OBrien,82f5961c3a39d1e1b7da2c76c2c11a90@example.com,Capricorn,100,12,5
John,Quinn,e7db6a3efb7c4e2974120ad5876ac306@example.com,Cancer,90,20,6
Xiaoyan,Nyman,e4d754d318f754fb5a39ba7803e22959@example.com,Scorpio,91,11,6
Hawa,Gomes,ef9afecfa43e4e82084c4637f602e584@example.com,Taurus,87,8,10
Henry,Hall,81ed90fd11e33df0d0a7e626698d7124@example.com,Aries,94,13,5
Alice,Peretz,6a45e8a2324844c5e65f12390f675d55@example.com,Virgo,64,8,4
Awa,Moreau,688f16f5bfe0e8dde858c4d87d8dfc45@example.com,Scorpio,82,17,2
Edward,Peretz,6f46ecf6f242eeccc35efd74444b8136@example.com,Cancer,89,10,4
Alexandra,Kryeziu,38a04069054b5b59181283a32785892a@example.com,Aries,83,18,10
Vivaan,Kryeziu,f4fa64358a1eaf8b984b3503b6eb50f8@example.com,Libra,91,17,10
Arthur,Saarinen,89e8e1d6ea7b9d120b9346fda13a2518@example.com,Capricorn,92,2,5
Harold,Mäkelä,2da9f28d849948e1d39fe5b51eb50b99@example.com,Aries,100,5,1
Reyansh,Zoeng,0244e7620926a5e6696676a70b2518cb@example.com,Aries,91,2,4
Aria,Hall,67fa80abc92e5175d77b42ba75379dae@example.com,Leo,73,11,6
Ali,Evans,a1266aebb590fda60bb0f23feaded9fd@example.com,Virgo,78,8,7
Ariana,Yıldız,54ebd5c8bbca8117b05ec4743afa6641@example.com,Aquarius,87,20,2
Vivaan,Yıldız,d7e3202537673e75529857deaed404e3@example.com,Aquarius,83,14,5
Marie,Peretz,a89e06491c8a067d3117cf4931568d17@example.com,Pisces,100,14,9
Mary,Yıldız,c89a8e8a1e34c98af32a228ebe5b4ee6@example.com,Libra,76,1,5
Li,Chang,c2f47802e2b647b7278af0bf234c1e69@example.com,Capricorn,75,13,9
Lillian,Krasniqi,af167fdaad5c337d8502ce1b2f0452e4@example.com,Sagittarius,97,10,8
Manaia,White,454601dfc85b12eee73d551a3db05549@example.com,Libra,86,5,4
Emma,OBrien,8c88bedb3f6a3ab18a16ea041c48cab8@example.com,Pisces,71,15,1
Yan,Díaz,be55d6ce7d57dec390a3c6a7343c93de@example.com,Gemini,74,8,4
Manaaki,Fournie,b3a28289a36831a16f92c794937ce070@example.com,Aries,100,15,5
Ruth,Evans,06b70e4b04eb2f543ad0b0fea562df79@example.com,Sagittarius,90,2,4
Arthur,Moreau,c36c3d061819c9fd7dd8cdf46c487c91@example.com,Virgo,90,15,1
Mateo,Dijkstra,98cb5fc23ae6c907b942133a1e3a2f64@example.com,Leo,88,2,5
Manaaki,Grigoryan,54ea26f75c5ed01e412ce94f9618e6a5@example.com,Aquarius,89,16,10
Emma,Nyman,a71dfd9857a32bb9ede5730319d3d104@example.com,Virgo,67,19,3
Hawa,Kennedy,ebe8489b08e17b182bd3a355bfce00fe@example.com,Pisces,65,6,2
Amaia,Phan,1fe4d7aaa723c99a40fbd3ab31c5e334@example.com,Aquarius,93,10,7
Jing,Jayawardena,b8f9eb754e4b3c676c44da04a51cc807@example.com,Sagittarius,90,18,7
Ari,Saarinen,04d52018aea14e8f9351d0c9587172a7@example.com,Aquarius,72,11,7
Manaia,Wilson,4daf7f0d432ce103c405df0a7af23ba7@example.com,Taurus,81,14,7
Clara,Mariani,b351dfc1bf3e949e2331c87f8d2f635c@example.com,Libra,96,16,1
Harry,Andersson,480748ff3b63c616ca3f323bc49e1be4@example.com,Cancer,74,11,1
Nina,Kryeziu,6418a0f176304b11b2fef0d1521b724e@example.com,Cancer,68,7,1
Brahim,Walker,dd1a1d2c57e4efb561ceb459605e91a8@example.com,Scorpio,81,11,2
Florence,Johnson,d801fc131aa56d3d320e338d5facb9f4@example.com,Taurus,91,13,1
Manaaki,Moreau,51dc38e069c7ac91d12b837eeac969fe@example.com,Capricorn,82,10,4
Andreea,Kryeziu,f384f8a2df39bc34bdfdd05e3bced362@example.com,Aquarius,97,3,3
William,Tsiklauri,65b35d2a5c7737111c81f7a135f92631@example.com,Aries,74,18,2
Manaaki,Bengtsson,bc2784524ad1cff09288eba4dcd4013d@example.com,Pisces,78,6,7
Siyabonga,Saarinen,f21c0847db1bc5a8d29908a9ad1fe73a@example.com,Aries,78,9,7
Lillian,Popa,333268060e026af510979b7778a7e152@example.com,Taurus,97,2,6
Kora,Grigoryan,e5d4e06a389e3952710a7ac6d174c5e7@example.com,Sagittarius,79,11,7
Rose,Durand,da0cff68aa5abf0acd9cf2292edb00c1@example.com,Virgo,97,10,6
John,Lakatos,a2897fadfa38e5b2a6199a55ff3c5adb@example.com,Cancer,96,10,10
John,Evans,ea7f3229cc184d271d02322364c483e0@example.com,Gemini,83,15,4
Mary,Grigoryan,443f16fda3125eca73a9e8bf35e62f46@example.com,Scorpio,64,19,1
John,Grigoryan,ce07c7927b860b64bbf433abc074cada@example.com,Gemini,83,18,1
Bandile,Yoon,3e5e67c7cd51bf454ed34dfafe220484@example.com,Taurus,84,5,4
Manaia,Kryeziu,b0d7804134f2237106d754d0ede500fd@example.com,Sagittarius,74,7,4
Harold,Balodis,74724e1a6bc5340256eb4136171882ea@example.com,Libra,94,17,1
Ari,Krajnc,14a3eff5e26d18ccca74e59762117abe@example.com,Aquarius,92,2,3
Ahmed,Evans,501f79e5e25a981ad18ccf73073c133d@example.com,Capricorn,100,4,2
Oumou,Gomes,5d3656f7b9cd71299af1eaea0c2b0912@example.com,Leo,71,11,3
Ali,Peretz,5fefa6e974e01734441767798a963268@example.com,Capricorn,91,14,5
Annie,Morel,db421cd61c599b516ccf2455214003bc@example.com,Capricorn,85,15,8
Hawa,Visser,57936d93f20d350813a270bc7c0ba741@example.com,Virgo,74,10,5
Clara,Kapanadze,c078a8acf69f6a3704e28b8f6a3848e8@example.com,Aquarius,92,19,9
Yan,Choi,cf0bdfb21f5de5ac16f5324ef16b224d@example.com,Cancer,88,13,1
Manaaki,Takeuchi,44d95a176dbcffbdd390e7517587bfac@example.com,Aries,76,6,5
Reyansh,Andersson,4e94fde6fbd7c938c4292d2ccb578c87@example.com,Gemini,75,5,2
Arthur,Chang,2ccbe708b5462e5d791a7d7557a72bec@example.com,Virgo,80,3,4
Rose,Choi,05db1034b53644bbc3fabccb77fae1c6@example.com,Leo,92,19,2
Edna,OBrien,0bdc1deb3a9b5c92436fbf65e515b4f7@example.com,Gemini,81,12,2
Aria,Krasniqi,d3db3e879ec1944e6d3a1ec3ca43a0da@example.com,Aries,89,1,1
Sofia,Krasniqi,1f73825c4bbcd26a2790f7ee1173b9ce@example.com,Taurus,92,15,6
Lili,Cebotari,7934cfbf2194977b98149a638089ebdc@example.com,Aries,78,15,3
Siyabonga,Fournie,29ed108baed55adec88a3daf29e802e5@example.com,Aries,81,11,4
Ahmed,Dijkstra,38fe676430c9c60d5032c0eda4140906@example.com,Scorpio,79,10,5
Aria,Singh,63d16030fd8ea9ea52f915c8e8f0fb02@example.com,Libra,84,15,7
Annie,Mariani,2c9897b28e3707264e9c8570c65c3bc6@example.com,Sagittarius,100,12,3
Thomas,Vincent,e644ad22c47bee01f9fc901ea3c6d372@example.com,Aries,81,16,1
Anna,Singh,af587d4f4221587356a0f909d7f19b3c@example.com,Scorpio,76,4,1
Djeneba,Bengtsson,82162e21024de6bcceaced3e550fd9dd@example.com,Gemini,79,8,2
Anastasia,Phan,190eef62009272a02bb8b641a93c5897@example.com,Aries,84,9,6
Awa,Nyman,f7ac21df95fad87f425fbe1d047fb38c@example.com,Sagittarius,80,12,1
Samkelo,Evans,5710c41b107ca04259c768feca57b604@example.com,Aquarius,83,18,8
Djeneba,Jayawardena,1b69af0d6e4c25ae239f34f750a6aa73@example.com,Pisces,100,12,10
Siyabonga,Thompson,56dcca79b20bfd51de0766b68d331b3e@example.com,Virgo,90,10,2
Marie,Durand,98a94506e7eb243641b67a7e0f4bcc80@example.com,Aquarius,80,11,4
Bertha,Joensen,3859d264d6b2b7bc06df2b88bb7c3b90@example.com,Aries,88,16,5
Bessie,Jankowski,0ebd12f6709168764ed5b4d8ad828324@example.com,Scorpio,99,5,2
Anahera,Chang,234bb3774bd9510fa0fa0a36c7e1ab77@example.com,Aries,74,6,7
Lethabo,Phan,a4e05bd21039063f05d886c1962ea8e7@example.com,Libra,74,10,1
Alice,Wilson,6bc4529881d68321651d39dd4dcefed0@example.com,Aries,92,16,10
Sai,Nyman,cf9eee00a5f3962c35b6d5ff0f6fe3a7@example.com,Aries,98,13,3
Clarence,Tsiklauri,815779e61471fcd700e59105a08c9029@example.com,Libra,80,15,9
Banele,Ozols,4cae45d83989e0f4ec9059c20626940c@example.com,Cancer,81,5,1
Aarav,Grigoryan,978bd3bb47348567bf01c2a831c2dce7@example.com,Gemini,91,18,6
Victoria,Bengtsson,ab277ac652e6968ca4763894cca6f39a@example.com,Taurus,73,19,8
Emma,Choi,e2b74a6cb8fbdf9b184f3b4fb7331041@example.com,Aquarius,86,11,8
Lillian,Walker,efbf336cee74e9a9fdabfa47dc0558dd@example.com,Aquarius,92,14,7
Ihaia,Wilson,88b43c153c25c161d451ab7400e8b9f2@example.com,Leo,89,17,1
Rose,Fonseka,84a72f3f277a2c302333b8b04a3e8d1b@example.com,Virgo,77,13,3
Sofia,Kapanadze,5f6ca12eb89b1f6e358a3a4379ecbf3c@example.com,Sagittarius,92,16,1
Victoria,Quinn,5b682dca8faeb2319483cfba70822507@example.com,Sagittarius,93,15,1
Robert,Vincent,92a2035fa88ecc551ec3f75dbce9fae3@example.com,Sagittarius,79,6,2
Grace,Delgado,bdde90b008468a72acf48717eecbb363@example.com,Taurus,87,4,3
Margaret,Cebotari,fecdf5a8ccc9b167d3332a3139e2b243@example.com,Virgo,91,15,3
Elizabeth,Jankowski,2bac122131c62e4f622593266e7bfb8e@example.com,Gemini,86,15,4
Vihaan,Thompson,91c4d3e9544aa6534506d4d97a68e01b@example.com,Sagittarius,87,19,4
Kai,Chang,f2db8f35d5950a3bbb069632260f351c@example.com,Scorpio,82,4,5
Kora,Yıldız,4ad9ea06eb54c768d26aa24958995272@example.com,Capricorn,74,3,1
Thomas,Hall,0b6014827cffd5662c31d66f8eafc6b1@example.com,Virgo,61,6,10
Awa,Krier,7314fdf82c1f7100b4ffc7055620dc17@example.com,Aquarius,83,10,7
Lili,Morel,49cdfcc9815906962566cc17de967894@example.com,Libra,71,9,3
Prince,Mariani,4a8a616ae91b4d9d191bbf8e1b4346b7@example.com,Aries,90,14,7
Abdelkader,Mariani,65eb8b84e2a7961d96aedf2ec714c1bc@example.com,Aries,84,6,1
Kaia,Vincent,8158d250ef769c2095bba2d5f684944e@example.com,Virgo,94,16,4
Margaret,Durand,7f8989a235768b6a066d0a8f0e13fac3@example.com,Pisces,97,1,7
Amelia,Grigoryan,021d4b6dae92e3c52a9c1cd449b42ed6@example.com,Pisces,78,20,2
Clara,Kapanadze,f6b455834d20036aa493515f01d54a7b@example.com,Leo,90,18,6
Robert,Petrauskas,85627aa26695ca99ceea964187b1b17a@example.com,Scorpio,84,13,2
Joseph,Lakatos,80544cd05f1a58355f9c19c3a95616d0@example.com,Virgo,83,4,1
Harold,White,add5e30a018dae0c50f68bbc9dff98b5@example.com,Pisces,100,10,10
Awa,Balodis,a59f8cd448c6317d4811e2ed91c68ebd@example.com,Scorpio,75,7,2
Ariana,Kryeziu,a00f82ff41711f6a2a0e84270742543b@example.com,Leo,99,12,6
Amelia,Chang,ace1d93561bb751f5b463e849699d5b2@example.com,Sagittarius,74,8,3
Mildred,Takeuchi,713d48d607b7f700fc29fae1eb0d030a@example.com,Capricorn,100,15,2
Florence,Tsiklauri,b128a4671554cfaebf7f4107952dadd0@example.com,Gemini,82,15,9
Djamel,Wilson,eedcbfe642065ecae3ea8dca43fad707@example.com,Virgo,74,13,6
Evelina,Popa,68983cbd590f7cfaf00546bc8c195ef1@example.com,Leo,91,17,6
Hawa,Visser,7a87a0274bb1098641b201f31da9c200@example.com,Leo,89,13,5
Fanta,Ozols,a9ec9a69e18c5604efc516e01dca5671@example.com,Libra,100,13,1
Mary,Schulz,d85ddf95cab893df6c8fb3cdc7cbebab@example.com,Aquarius,92,15,2
Vihaan,Balodis,34e54808a89184e1236d65b36899e4e2@example.com,Aries,90,8,2
Awa,Nyman,7bc016fab51edd35bf60ed33ee5d7e2d@example.com,Virgo,90,3,2
Melokuhle,Morel,47d2710286e64bb27b7000a111c594ef@example.com,Virgo,100,11,4
Vihaan,Gomes,5da7ad563ba65c228d4948750abd7107@example.com,Capricorn,83,8,1
Emma,Delgado,e10051464f8006f563150358090edf31@example.com,Leo,90,19,3
Charles,Bengtsson,31a949c4e589a92976a8462a2f2dc83c@example.com,Taurus,91,7,7
Ayaan,White,b43bc23d39dbbb188ded53314f69b1a5@example.com,Aries,71,11,2
Mikaere,Wilson,562aadebe10646fe74bbc7a3314daf23@example.com,Taurus,78,20,1
William,Cebotari,7fd03b540baf3ceaba33ac526fa49672@example.com,Libra,83,14,10
Willie,Delgado,7a290cc8d91f2d355f64137bf2f35dec@example.com,Capricorn,82,16,8
Banele,Yıldız,eb878711690f90f15e201c770043c327@example.com,Cancer,84,7,2
Clara,Kryeziu,0b6dd0aa9e1e0af7c773a4f7987612ee@example.com,Gemini,79,14,6
Mohammad,Andersson,2faa17faae42e49133a7b09a0968f305@example.com,Virgo,78,20,5
Emma,Phan,4dac172fbb6da7e21fe401fd3cce1f66@example.com,Capricorn,97,12,1
Brahim,Hall,505f2d0be660f92521ee7c4b6683edf5@example.com,Capricorn,86,8,6
Edward,Kryeziu,fcd5cf3e2e164a9a5cc8cdcfa83f32af@example.com,Pisces,99,5,3
Mateo,Roberts,9f086affd84d19dcc8178fcc1e539b2f@example.com,Scorpio,91,9,1
Samkelo,Ozols,75b90c083bee663226e3796fca517010@example.com,Pisces,94,5,1
Banele,OBrien,12097fde7d8fbb9d46464ceff83ba3be@example.com,Taurus,82,15,1
Arjun,Díaz,e82f51dac4effffb3bc3bcf2c8a4e8e4@example.com,Cancer,89,11,6
Brahim,Mariani,920829ab7089d1b90eb0e73b3af2503d@example.com,Cancer,90,17,1
Xiaomei,Peretz,248d93da8848601b6d1459d3a51dbd4f@example.com,Gemini,98,5,6
Anahera,Mariani,59e7c5f120d1cce798d9a73159942ada@example.com,Leo,86,2,7
Bertha,Tsiklauri,5eed3f103a675712911fae405eeb5213@example.com,Cancer,89,13,4
Reyansh,Kvaran,8d62a2ca74a7238ed2473cf560907778@example.com,Aquarius,84,1,3
Rachid,Singh,0e14d69453794dc057621f1dcd8447f9@example.com,Scorpio,93,14,9
Walter,Popa,fb25023751573ca4e05373a4d7bc5cdc@example.com,Capricorn,70,7,8
Walter,Phan,1c4378b89d417dd854a3b41092b179fe@example.com,Virgo,93,19,1
Lili,Cebotari,eca5997158967867b19d6ff5dfde4db8@example.com,Libra,94,9,5
Kauri,Nguyen,b01504269fb15e3be49cb5c7c846f876@example.com,Libra,77,10,4
Mikaere,Moreau,4c30c58fee6b21dfdbca55dafd2456de@example.com,Scorpio,74,7,2
Mildred,Yoon,24f5ff48a706bac6d1a627da5d7bad9a@example.com,Taurus,71,6,6
Lili,Singh,ced2a590fc8055aecd809ade87f5a3ad@example.com,Scorpio,81,19,6
Bandile,Takeuchi,5d7612d9e2d42fb30ba65eee16942f0d@example.com,Cancer,88,18,2
Lillian,Phan,b732069ff9f91c3e251ebf9aaacacd8d@example.com,Pisces,91,13,1
Marie,White,12ce18e5ae67be617a7e88b43152b1b8@example.com,Sagittarius,87,16,3
Li,Dijkstra,c6e329fbce1f40c736fc1d17f613dfc6@example.com,Gemini,80,15,6
Aminata,Kapanadze,100745d64e7f203d07a3ad0e6ad2f34f@example.com,Pisces,79,15,5
Ihaia,Krier,72d85e0b8fe2cbad4d1cdb2296175cde@example.com,Aquarius,86,15,3
Manaia,Kryeziu,bf2358b30875c2553e3a828e56544056@example.com,Scorpio,83,6,6
Fred,Mäkelä,89085e159ad1dac8fad8d3281a15c32d@example.com,Libra,89,3,1
Lillian,Dijkstra,6a35df47eaebadf4a7537c5693306733@example.com,Aquarius,100,11,1
Amelia,Saarinen,6eb411f29b3f0e34c1e9af8a67189ee9@example.com,Sagittarius,74,8,8
Aminata,Delgado,503322885fd71e72ee733a5adf976d97@example.com,Leo,71,17,3
Sai,Walker,7c1b59af64f4bc1659136ba26ad87a9c@example.com,Leo,91,15,1
John,Nguyen,07b11df286b6afb8a7090196da8e1bd6@example.com,Aries,76,8,4
Ari,Morel,16ca6181a18c0187306df860daaf5623@example.com,Taurus,89,13,3
Siyabonga,Moreau,65d96bf9154041289c3a0eed4d33344e@example.com,Virgo,89,20,5
Manaaki,Krasniqi,bb83a8700b8eaabc49df676aa7ee3046@example.com,Sagittarius,83,3,3
Maia,Mariani,baaf04ed454328274c5d499c50f99dd3@example.com,Capricorn,88,4,1
George,Balodis,33d16aa2a8d68e3964a948e0d7793e33@example.com,Scorpio,83,5,6
Frank,Jankowski,6455c7d7e4e604e84df4e800d66eb505@example.com,Aquarius,71,19,5
Marie,Dijkstra,8e4207c7ea7658b553bb2c98e828678c@example.com,Gemini,71,19,1
Sai,Hall,548e8fd144a525fd7caaaed9611693a3@example.com,Taurus,85,6,3
Harry,Singh,ed743b393a0bcb477aa3a58acf3d719a@example.com,Sagittarius,88,14,9
Sai,Delgado,4ccc5ba876a3667ce055838d55041ce7@example.com,Aquarius,95,12,8
Anahera,Wilson,569f0490833b08a39b7054e20a897782@example.com,Pisces,88,18,1
Kadiatou,Schulz,06bf2df6d1781cb776fd5e11c1521c5b@example.com,Aquarius,85,15,5
Maia,Andersson,c63d9be20f7062e846faa9e83bd599a9@example.com,Aquarius,89,11,1
Alexandra,Crivelli,7493c4e1ca03e25cea36102d0a94e6fe@example.com,Libra,89,8,2
Kauri,Andersson,01f25a0b5eb7ccf24c9cb3a12305be1b@example.com,Sagittarius,83,17,1
Fred,Kennedy,20d93af8b7ca145a1bdcd07b4c4fcc8e@example.com,Leo,100,17,5
Vihaan,Saarinen,ac5f32863c7dc732a8f8b18da008f49a@example.com,Leo,94,16,2
Lili,Morel,a2fff5b9e3c0ab1f1a44a27506d6b8e5@example.com,Capricorn,94,4,7
Awa,Grigoryan,f85cf1b1caef4b55269878ee4c070cc7@example.com,Scorpio,83,17,9
John,Tsiklauri,dd36f3a9d05815b4e91a2687b337d47e@example.com,Virgo,76,15,6
Ayaan,Gomes,6e6d0810721784970d5205e41de7158c@example.com,Aries,83,10,1
Li,Nguyen,3935097dc9d919d0c2f5fa5aaf1213b1@example.com,Pisces,85,8,3
Helen,Wilson,322710f233560129afd69155215ce9a5@example.com,Leo,79,20,3
Te Ariki,Bengtsson,36b8b3ffeed8a306229c5d6ea446a2e0@example.com,Pisces,94,9,8
Emma,Crivelli,f0cd845ef3cc73c39cdb75a42c47b4c3@example.com,Aries,83,10,1
Anna,Tsiklauri,adba79f1e1723562140ce48de51766ba@example.com,Sagittarius,78,10,4
Charles,Thompson,5dc72abaf4b3d54bbddee7d61f31f63b@example.com,Sagittarius,92,2,10
Marie,Díaz,ffa5cba54149b331836e0baa34f4313b@example.com,Pisces,76,15,6
Harold,Andersson,9e384d8c375a291e1d0d9179965aad12@example.com,Virgo,94,16,5
Manaia,Lakatos,384f2bafef92ffe68725d25659677cc9@example.com,Virgo,91,4,5
Oumou,Jayawardena,98964a8ef53e0ab9a216f6490e51eb46@example.com,Leo,81,17,1
Mohammad,Yıldız,6cad630105fbd0ecaf3806430f40eeb0@example.com,Leo,73,10,2
Alice,Kapanadze,dbddb5bd92030d705ee69f12d0c602c9@example.com,Gemini,89,12,1
Aarav,Cebotari,662fb7798d9d473cd7d3649beaa331f3@example.com,Gemini,94,12,7
Marie,Delgado,dfb9d68d0a658a5a3b7f553c506e301c@example.com,Cancer,97,16,5
Siyabonga,Kapanadze,6fac8a47b5307c765368bcd6a885eaff@example.com,Cancer,90,4,1
Omar,Chang,3bc6d0a46ec4f3b8b67060b58d508ed5@example.com,Pisces,91,18,6
Brahim,Kennedy,38c8b649c9b7a9fddf05e1f5b82ece41@example.com,Virgo,73,10,6
Maia,White,ec782ef98e9c073c8d2295042147eacb@example.com,Leo,91,9,1
Mikaere,Krasniqi,cbb7981c4e6411978dba973c6d525bf4@example.com,Sagittarius,81,19,6
Margaret,Phan,0de9063bff3f4d3225c4de8e01f3da7f@example.com,Capricorn,94,20,1
Melokuhle,Delgado,a0124b910b0d0a58a205d2080f197ed5@example.com,Cancer,100,12,8
Ying,Quinn,e01dab48a73da435bb8a4a79ac292af4@example.com,Sagittarius,61,19,4
Aminata,Hall,780fc360baaba5d2d1f0c8f9223fef30@example.com,Scorpio,86,19,2
Clarence,Jankowski,d8b062c8ad0e28da12d37f6828eb8b51@example.com,Libra,92,17,4
Rachid,Ozols,f7139504fbb313a6570eebd3963cbbc2@example.com,Capricorn,82,9,2
Samkelo,Zoeng,02c949b5a64de87fa1d6f1da8cb9c940@example.com,Sagittarius,92,14,5
Victoria,Girard,4cfc653351ce32b0a2dae18ddc407edd@example.com,Aquarius,77,9,9
Annie,Yıldız,af8b8f201e4c7a394573aabd4c231ebe@example.com,Libra,84,5,2
Jing,Mäkelä,461c1e4d9ee0a5dcc94a6a85d39b9b15@example.com,Virgo,93,6,2
James,OBrien,98965ce4bf56d8f3054356ced6c8fd45@example.com,Aquarius,98,12,9
Siyabonga,Quinn,c82a93dfa4736d5f2d75135f6dff06c8@example.com,Libra,86,17,1
Anahera,Yıldız,c89deeb4c230e9790922b8585eeb8edf@example.com,Gemini,89,1,2
James,Girard,5c7a8ba5c08ae7809554ea4dc438d0f4@example.com,Libra,86,14,9
Grace,White,1718acdcdb34062d6061052b5ea8005d@example.com,Leo,70,10,1
Li,Peretz,10eedc2db9b43407c489654fae08e414@example.com,Aries,92,17,9
Helen,Fonseka,031d680d357e944ab3408689476e5b35@example.com,Aquarius,86,4,10
Ethel,Vincent,fb672d76ef5465c1d60def489263dfc1@example.com,Leo,82,4,1
Rachid,Bengtsson,bb97e9bfd3170f7f6b238dee8c136f7c@example.com,Scorpio,86,9,4
Lillian,Jayawardena,f1af16edeca3f04bcbf099d2848d56f4@example.com,Sagittarius,90,2,6
Omar,Jankowski,cb4f39fdd609b05df6b22ebdb2b221a4@example.com,Libra,85,8,7
Helen,Crivelli,82d44a4c0903ca8f65b5391272a17fea@example.com,Sagittarius,86,7,8
Amelia,Durand,2f108a67eec167b1c2585d4e1b250798@example.com,Virgo,84,13,9
James,Yıldız,bedcef42deb60f2a27f93e6a7c81ddb0@example.com,Taurus,76,8,10
Bessie,Kapanadze,aba2c929267ecb22c9b855a620871256@example.com,Cancer,97,9,1
Djamel,Krier,8c0d8281a77ec87df9ec6eb33e4aff5c@example.com,Sagittarius,98,16,4
Kaia,Johnson,0f951c7dfd23674f9718008d525d966d@example.com,Libra,90,10,8
Alice,Morel,b954a9829bf396c8aed3bcb307376da0@example.com,Aquarius,69,19,7
Awa,Vincent,e819752a18787bfee3ebb2c0eb8e7009@example.com,Aries,92,9,2
Atharv,Jankowski,eafa1e61a6ea1a4b5f20fdff2c634e9d@example.com,Scorpio,83,6,6
Xinyi,Fournie,178aff46dd0416bcb46fa3e70d82a82e@example.com,Pisces,84,10,2
Jie,OBrien,415c489c2088e4d6bb0a49eec62c0665@example.com,Libra,86,2,1
Manaaki,Mariani,b07c8b62b53d7ee115f8ae8df530aca0@example.com,Virgo,74,7,2
Ruth,Peretz,61cb7c9178023abf4449b368db5f2861@example.com,Cancer,83,13,9
Clarence,Johnson,4613b3bf36f12be4b01c72549b2366b8@example.com,Virgo,92,18,6
Albert,Jayawardena,74be52510488fe4fa88736f377d7a5a0@example.com,Aries,68,6,9
Anastasia,Durand,e45eb443403e1931fa5d51be415a48b6@example.com,Cancer,81,19,3
Kadiatou,Petrauskas,aeda137a79085599bb0361d6cb753979@example.com,Taurus,95,8,3
George,Krier,9e2812d2a988ca3b432854dcdeb1e784@example.com,Virgo,88,15,2
Harold,Ozols,504e9293ce290c6edf3174b0de724f47@example.com,Libra,91,15,5
Mateo,Grigoryan,c1bc34aa6c9f559caab0f76bab86d529@example.com,Aquarius,96,16,6
Daria,Durand,57bcf434fdf7707c5dfacc388c103a57@example.com,Scorpio,75,2,6
Kadiatou,Petrov,32c66a5265f99e0b97b643bb6926ee9b@example.com,Aquarius,84,7,9
Grace,Kennedy,b8bc0ec34fce2adb059749dfcf76442b@example.com,Virgo,86,10,2
Florence,Lakatos,5357edbabae41e96cee8a2b7dae53ca9@example.com,Scorpio,82,4,2
Atharv,Durand,745a3092caf327dda751455ce287e7ec@example.com,Scorpio,88,18,2
Aminata,Ozols,88c5c0e09be496174e34fdea0fbc598d@example.com,Scorpio,86,5,5
Mariam,Kvaran,dd2cbb11436df5f11ce4d3c535649a3c@example.com,Libra,84,17,2
Kaia,Lakatos,94184f702e9aa38559047e1595d897ac@example.com,Cancer,91,9,6
Atharv,Krasniqi,f7a21cf16a0cdb7e397e50acb5fcfe3e@example.com,Aquarius,100,4,3
Abdelkader,Dijkstra,acfc9341d212778fc7cd6abb9dd86ea8@example.com,Aries,82,19,4
Albert,Chang,9285a2867911feed0c80075c8313d61a@example.com,Virgo,70,8,9
Fred,Krasniqi,cf00d61e86920b989d6c3ced55766b40@example.com,Gemini,96,16,2
Arjun,Ozols,78d65249f6b415fa2f0992285b03e748@example.com,Scorpio,89,16,3
Mohammad,Phan,9ef032365152a003205d5b981bedd7c6@example.com,Virgo,97,20,10
Ethel,Díaz,03219a9e34abf48811b4dc0ad6bbdb46@example.com,Sagittarius,97,11,1
Kaia,Joensen,367093fd0fe9aab8d1af6524e55ed404@example.com,Scorpio,90,3,9
Lili,Kryeziu,946718d0dd1c02b4c02267a62e997e01@example.com,Leo,63,8,1
Ari,Petrauskas,5bfeaf55316cb8d55efef79f12722161@example.com,Capricorn,98,16,6
Harold,Jayawardena,cdc16b819f7eb7cc773c94496db8d388@example.com,Aquarius,78,9,8
Ahmed,Choi,57636e1d029bd243cfe9c0123e7b530e@example.com,Scorpio,71,17,1
Kai,Evans,e08876b2817bba184009e7d7c4d4723b@example.com,Virgo,82,15,1
Prince,Krajnc,ffcc59766ac5767427a090ba80a31e14@example.com,Pisces,73,19,1
Ariana,Yoon,87aa1733d95663fa772cb7de7093a805@example.com,Scorpio,86,3,1
Sai,Krajnc,802c347780128e685032c644256c1eac@example.com,Capricorn,78,19,2
Oumou,Schulz,f9b4c3ad630345863535fdbb5faeb86e@example.com,Taurus,91,15,2
John,Dijkstra,2ebc6efed308ca5a9ae5c905c3a43f55@example.com,Capricorn,71,14,1
Prince,Krasniqi,5685f50228ca85e6ef53d1501b2ecebd@example.com,Pisces,80,9,5
Willie,Dijkstra,27144bf7896df029a626d5965849ec66@example.com,Leo,88,13,4
Florence,Jayawardena,35c7c8338ca81baad8d6fc1c2be58e42@example.com,Aquarius,77,6,6
Abdelkader,Wilson,b2c60932462f6ab9fd62275fd980c45d@example.com,Sagittarius,74,20,7
Edna,Morel,f63b659336fc82772eda1c12cc95104d@example.com,Pisces,90,13,2
Rachid,Moreau,ac0d7b3c009c2b04d1456df3206bab75@example.com,Cancer,73,4,1
Vivaan,Cebotari,fb3a17d5b0639973465a524812d392a6@example.com,Taurus,100,12,6
Victoria,Kryeziu,ac7c49a065aa75d344b1e00cd0ad12ba@example.com,Gemini,82,2,10
John,OBrien,b9b30544782cb4f5c656972d0360513f@example.com,Capricorn,95,19,9
Maia,Schulz,675c5c48b9f6b036e721dd94e258d7b4@example.com,Sagittarius,71,4,2
Awa,Krajnc,c68c37b9d63ca172c50d55fa010072d5@example.com,Taurus,83,13,10
Walter,Kryeziu,34a06b43e52278eb07737d45f8d02edf@example.com,Aquarius,78,9,3
Yan,Schulz,10dd874e516e5f49ca143930ba7fd575@example.com,Libra,90,4,5
Sofia,Wilson,70f89548b820fb10f2f218bf7f572224@example.com,Leo,78,3,3
Rachid,Girard,8d49f0a8221b06b24adac967e2407535@example.com,Taurus,84,4,7
Edna,White,8fc71e7ec8138bc89e56021d2bfef3e4@example.com,Cancer,95,10,7
Maia,Saarinen,c13ec3ebb47fff5c2e51d99c9c064408@example.com,Gemini,89,9,4
Aminata,Fournie,36d2c5836b0f5a49bd2e0e7caf220415@example.com,Capricorn,91,15,10
Willie,Balodis,a2f64b7c0401255f7c285499c6d037db@example.com,Pisces,78,15,6
Kora,Petrov,23dab21d89a4c333e62b1f0fc643a4c8@example.com,Pisces,99,10,6
Harry,Jankowski,ef7ece58e98307a855604f3e977389bd@example.com,Aquarius,79,14,1
Kai,OBrien,bdfbb6b01a3351dd576a55ff85103b9a@example.com,Aquarius,92,15,4
Ruth,Fonseka,de66bf9401bb37f75608b719dcbd8c9e@example.com,Virgo,91,9,2
Jing,Bianchi,d9299ea05c8b9aafeeed19122dad10ff@example.com,Gemini,77,4,1
Manaia,Cebotari,69f75f3dd43c2592090ed4e6923c9dc1@example.com,Aries,90,9,7
Brahim,Popa,a5a7e41a60782b4d5eba4093d3e4c6b2@example.com,Capricorn,85,5,6
Rose,Ozols,13f293b63c147a785f156965e7479b07@example.com,Gemini,87,9,1
Fanta,Vincent,715a31fc595c0e89c4d8950f0892d50d@example.com,Libra,80,6,6
Kauri,Saarinen,f3057600135c0c34151c7f10b0ed53ba@example.com,Cancer,91,18,9
Xiaoyan,Krasniqi,6e1e30c226e3483063845fa3dc06fd06@example.com,Leo,65,8,8
Tingting,Zoeng,d4ae3a84c07f296f377b1e0611866b03@example.com,Cancer,94,14,2
Samkelo,Takeuchi,58e36183532b3b45a105d51484de2ece@example.com,Gemini,90,3,6
Ali,Balodis,5b8202a23c73e2d999b354ca61044d9d@example.com,Virgo,100,3,7
Ethel,Cebotari,07ad9a3971ba7f2b80a89d2b759ef36d@example.com,Capricorn,83,18,5
Grace,Delgado,4f7e3d742debcbbbe7d1afd5f1a8aa29@example.com,Aquarius,94,6,2
Hawa,Fonseka,8dbfca9ded623aa32ed2afbe4f345d6a@example.com,Capricorn,82,2,1
Arjun,Peretz,272bdb9542549cbfb688ae31e4297b73@example.com,Cancer,73,13,7
Thomas,Petrauskas,29126007d7ea03d5fd2300c8186a7f4d@example.com,Gemini,91,13,6
Edna,Grigoryan,f601c3f4349898b00b4e4b640eaeb399@example.com,Virgo,100,14,8
Ruth,Fonseka,7f8f19808f75bd63ddeae4269548e7ed@example.com,Libra,94,17,1
Robert,Kvaran,c7825bb2913196538ee7f3e2686531d9@example.com,Libra,84,19,3
Emma,Díaz,b17e61466b2c8a970b017ba727a3b55b@example.com,Pisces,72,6,2
Lili,Kvaran,73de845d472f8ef332021aa4efd05038@example.com,Taurus,100,16,9
Kauri,Jankowski,29345ca02f8261aa7648bf91cfb20af0@example.com,Libra,91,1,2
Annie,Lakatos,3728b1f2d3d556468b3fa824c5328ce5@example.com,Pisces,93,15,4
Bessie,Crivelli,8df057951656854fbf16a1b48e3be1a0@example.com,Aquarius,100,5,7
